"file","bytes","md5"
"CAGED/2007/CAGEDEST_012007.7z",21713433,"302cb3929989ecee1938356f553698a8"
"CAGED/2007/CAGEDEST_022007.7z",21188560,"f44ab19d5dd135ecf3055efd0268a913"
"CAGED/2007/CAGEDEST_032007.7z",23528287,"74af52ecaffe80fd3bee0e2d4f06d5d8"
"CAGED/2007/CAGEDEST_042007.7z",21854411,"267f91e7d15d4e5846090ab34b0c712b"
"CAGED/2007/CAGEDEST_052007.7z",23408072,"5399057c5770ebbe7665f21fec880af9"
"CAGED/2007/CAGEDEST_062007.7z",21987284,"3de15c9d36c36863899e633a9c0fc57b"
"CAGED/2007/CAGEDEST_072007.7z",22451067,"8c6b15e3c1f58fee280f1a510626ebb7"
"CAGED/2007/CAGEDEST_082007.7z",23622908,"78e782b7196da1711f369b89b9b69aa6"
"CAGED/2007/CAGEDEST_092007.7z",21839287,"d27b84e5ced51c7a5c22a4d6819ece89"
"CAGED/2007/CAGEDEST_102007.7z",23488912,"91cb9820ce20dd9e4a81ed2b2a3d3c3d"
"CAGED/2007/CAGEDEST_112007.7z",22070263,"2f259b36ce5d3e9ad1e501dd72cc49fa"
"CAGED/2007/CAGEDEST_122007.7z",20526980,"850f9c842b3c7ff27a8cf862cf0c3072"
"CAGED/2008/CAGEDEST_012008.7z",24826994,"bc999fb8b403ab0972c7f68d1d80b655"
"CAGED/2008/CAGEDEST_022008.7z",25545872,"34568c8bd0147f31f13542bef61e30e7"
"CAGED/2008/CAGEDEST_032008.7z",26630395,"9d0fa828babecaf1dd1605c9d34ae2b6"
"CAGED/2008/CAGEDEST_042008.7z",26814497,"060e86b01ebf32f8bf86f0c8e8f62b84"
"CAGED/2008/CAGEDEST_062008.7z",26534349,"bcc8f299ae0589762dbb167536fc8580"
"CAGED/2008/CAGEDEST_072008.7z",28079597,"eadbd960127dd8174aaa0bbf449159ae"
"CAGED/2008/CAGEDEST_092008.7z",28006680,"a3a97076e83a0cb2c3a044d0952e61c6"
"CAGED/2008/CAGEDEST_102008.7z",28449606,"50dfba964eb2895e1f1e60f62c7de24b"
"CAGED/2008/CAGEDEST_112008.7z",26032747,"57041fc2456623a9f362271a6d591353"
"CAGED/2008/CAGEDEST_122008.7z",23889720,"84d9b231f08f07997fa23d1ce7a333a1"
"CAGED/2009/CAGEDEST_012009.7z",23692079,"6c9db2f9c506db5969b805baee8d9a96"
"CAGED/2009/CAGEDEST_022009.7z",23013704,"81557c9b26b837bfd94c7522a33ff018"
"CAGED/2009/CAGEDEST_032009.7z",25675446,"5040b182db449ed77662384a2cf586ea"
"CAGED/2009/CAGEDEST_042009.7z",23787188,"a5e7e6050540eff386c008b95a642dee"
"CAGED/2009/CAGEDEST_052009.7z",23773237,"98567fdd9c72b11ff82b91a944e27589"
"CAGED/2009/CAGEDEST_072009.7z",24614926,"e426f7c5d37d5a1e0e92ce3326f9d54c"
"CAGED/2009/CAGEDEST_092009.7z",24974505,"1bbf48776c359b718a418440598262ba"
"CAGED/2009/CAGEDEST_122009.7z",22862044,"38d7d504a2d731ff5e5c29c128cbf1c4"
"CAGED/2010/CAGEDEST_012010.7z",24942019,"9b4706bd6370ef44e685b467b0e0b8f7"
"CAGED/2010/CAGEDEST_022010.7z",26885285,"05dca393afb29487b8a7c626230d287b"
"CAGED/2010/CAGEDEST_032010.7z",31394920,"5a7dec5d957c96f950206e26613576ff"
"CAGED/2010/CAGEDEST_042010.7z",28408369,"e19e66ea22d0798e933f2f1cb36f0ac3"
"CAGED/2010/CAGEDEST_082010.7z",30047419,"637070855b2c1d058f3316da1704e943"
"CAGED/2010/CAGEDEST_092010.7z",29572594,"2b597ef44b1254be0e43198f52e42c3f"
"CAGED/2010/CAGEDEST_112010.7z",28408833,"e7eeaef4f604827f029b9c84fd025d25"
"CAGED/2011/CAGEDEST_012011.7z",28966301,"41c7fba41969a47e728e13bef744111c"
"CAGED/2011/CAGEDEST_022011.7z",30518373,"c2bb88f7538332e4254f1ff01d4bddda"
"CAGED/2011/CAGEDEST_042011.7z",27561645,"1459536336e47aa95c5c833b90827637"
"CAGED/2011/CAGEDEST_052011.7z",32801658,"362b6ad56d00a08d4722ec8c8ea1f91d"
"CAGED/2011/CAGEDEST_062011.7z",31042260,"119ec5e2193fce373d4316c80dd13959"
"CAGED/2011/CAGEDEST_072011.7z",27884511,"b0d198b518d3b10e401edada4b99d598"
"CAGED/2011/CAGEDEST_082011.7z",32114065,"d9c92e005705258e2c7729731ed58844"
"CAGED/2011/CAGEDEST_092011.7z",30685578,"308f669d6986729a0fe7d90aa65ed878"
"CAGED/2011/CAGEDEST_102011.7z",27247307,"556e705a84a297a83e2c6f5339a1df60"
"CAGED/2011/CAGEDEST_112011.7z",29411373,"77b69e228a04ea1c55ca993e86815fdc"
"CAGED/2011/CAGEDEST_122011.7z",27723001,"403c33dbd47488b6e410f850f1ab9385"
"CAGED/2012/CAGEDEST_012012.7z",28190695,"90305cf95693c02631f64283071f99ef"
"CAGED/2012/CAGEDEST_022012.7z",30897127,"cae4d92aa2aa44239a8e0cc2d319505d"
"CAGED/2012/CAGEDEST_032012.7z",33623454,"eaa4dd4b9145202cc6c24893bae4faf7"
"CAGED/2012/CAGEDEST_042012.7z",30998956,"69a7fcee8424a169c7d8a7d684c3bef0"
"CAGED/2012/CAGEDEST_072012.7z",31179340,"1511da425cd19efe173ffe496959e5b5"
"CAGED/2012/CAGEDEST_092012.7z",29605141,"1545d0451b1e807f3e05cfd6c68ea025"
"CAGED/2012/CAGEDEST_112012.7z",29747621,"ac56387c2b45d3c7b5bb8647ba2848ed"
"CAGED/2012/CAGEDEST_122012.7z",26906705,"88e5b7aa21ef4c393c0727690172221a"
"CAGED/2013/CAGEDEST_022013.7z",31923083,"b6fda01571ccb6bc829ae7ca36afedd4"
"CAGED/2013/CAGEDEST_032013.7z",33337507,"427ed083e985cef89483817955406de5"
"CAGED/2013/CAGEDEST_042013.7z",33951981,"b937f0796e5157ac70acc9d9c7a8e20f"
"CAGED/2013/CAGEDEST_052013.7z",33501056,"8f1daf498e5bab5e977f42ef60a5ff76"
"CAGED/2013/CAGEDEST_062013.7z",31989519,"8e4f96b3a25173e1d6f8c0a0421551a0"
"CAGED/2013/CAGEDEST_072013.7z",32997387,"eaa1769715010749dca4813527df62ba"
"CAGED/2013/CAGEDEST_082013.7z",33519842,"b1ccdf8b04d9366491816b9ad34d5653"
"CAGED/2013/CAGEDEST_092013.7z",31674305,"eda013cc83003efbda00351cf761f996"
"CAGED/2013/CAGEDEST_112013.7z",29844199,"9196a511082190a1230d767fdd4a522d"
"CAGED/2013/CAGEDEST_122013.7z",24692866,"5ff2a1ee1d539f61acf95c2f54909016"
"CAGED/2014/CAGEDEST_012014.7z",32850849,"78da1e8f4b65c57a739623425cf989b1"
"CAGED/2014/CAGEDEST_022014.7z",34688425,"d45d7fbbe6a4e396bb20b537d0187794"
"CAGED/2014/CAGEDEST_042014.7z",31052418,"503fc561664714458a0e09679b285232"
"CAGED/2014/CAGEDEST_062014.7z",30823585,"d1e1b7e11d715c598dec1d8985dc0967"
"CAGED/2014/CAGEDEST_072014.7z",32778389,"658241533105cdcd17b77987dd95b713"
"CAGED/2014/CAGEDEST_082014.7z",32149937,"44ecf56fc285ae58a5c93fbb6ddda220"
"CAGED/2014/CAGEDEST_102014.7z",30193586,"d497445929e9dc6605d6b392d1ff2336"
"CAGED/2014/CAGEDEST_112014.7z",30514993,"cc62dedf8a85fd555827bd1eeea7fc89"
"CAGED/2015/CAGEDEST_012015.7z",31280333,"5db40e88d1ba115e3b81d284ec732bf4"
"CAGED/2015/CAGEDEST_022015.7z",31550620,"11b0d439a871722b5ae5e4d96e06505f"
"CAGED/2015/CAGEDEST_032015.7z",32704022,"3cc650067cc5ff332aa672b697852e63"
"CAGED/2015/CAGEDEST_042015.7z",30190938,"3034fee780550e0108751e6a336d85dd"
"CAGED/2015/CAGEDEST_052015.7z",29362012,"dcd253f5c183c373baecce7cefaad6d6"
"CAGED/2015/CAGEDEST_062015.7z",29373959,"3f2712f2aa09f0c7fb07e71c78ecf7a2"
"CAGED/2015/CAGEDEST_072015.7z",26399324,"2fa6da44159a7e1a5343541dd3ad199b"
"CAGED/2015/CAGEDEST_082015.7z",27936687,"af3c2f224435f03283a1a3250aee08fd"
"CAGED/2015/CAGEDEST_092015.7z",26745694,"621617ffc22a8881e3bfe153cbbf879b"
"CAGED/2015/CAGEDEST_102015.7z",24340724,"0adf8db40ea95833b2b8c919dcd14d57"
"CAGED/2015/CAGEDEST_112015.7z",24989313,"aae85b98e6508c53b9f78ed79a9caa95"
"CAGED/2015/CAGEDEST_122015.7z",24028348,"6c225ce265a330cae511979e030b0db4"
"CAGED/2016/CAGEDEST_012016.7z",24490041,"49b07fffab7402649145641138855da6"
"CAGED/2016/CAGEDEST_022016.7z",26642169,"01689b5bc663a28b19a283506f8bdae5"
"CAGED/2016/CAGEDEST_032016.7z",28875178,"9334a0fd200f7b697857a92735bf83ed"
"CAGED/2016/CAGEDEST_042016.7z",23997140,"5e60caa080556c417e4758c77e551344"
"CAGED/2016/CAGEDEST_052016.7z",25289926,"46c54bf69ebb8efa8b416831d5278b29"
"CAGED/2016/CAGEDEST_062016.7z",25505496,"d734d8ceb58b2f3366bd88783beef1d4"
"CAGED/2016/CAGEDEST_072016.7z",24625964,"7e46c90a41f8e8e87fc6979338c34471"
"CAGED/2016/CAGEDEST_082016.7z",24850612,"75d2ac19fac4b51f4fb5390f56e63f61"
"CAGED/2016/CAGEDEST_092016.7z",23577187,"a6a0b979500ed053cce97b3cbaa2d319"
"CAGED/2016/CAGEDEST_102016.7z",22516557,"480f8d62641baac55ab162a9d6d43694"
"CAGED/2016/CAGEDEST_112016.7z",22774508,"3f9c81918a77686b17eccd894ba4e603"
"CAGED/2016/CAGEDEST_122016.7z",21319564,"d427bbf7add7a75196f04296ea2be901"
"CAGED/2017/CAGEDEST_012017.7z",23144035,"80dd2ad59af14f6cf07a7dd0c13111b2"
"CAGED/2017/CAGEDEST_022017.7z",24239778,"21b4995d8be60c90b1b6024f70ffa691"
"CAGED/2017/CAGEDEST_032017.7z",26430625,"122b4534dec2a7fbe2a86fe0411888db"
"CAGED/2017/CAGEDEST_042017.7z",22683987,"85210efe332c095f6a49b307b4f1defa"
"CAGED/2017/CAGEDEST_052017.7z",24969392,"d6b263d178c0746d7f085430779279b1"
"CAGED/2017/CAGEDEST_062017.7z",24185002,"790abe34bc6803c85aa368696e494e3c"
"CAGED/2017/CAGEDEST_072017.7z",21042524,"3732c718cd43ad3315bcc499c5a318af"
"CAGED/2017/CAGEDEST_082017.7z",24527501,"c743c0dbbfd50dfa563be8f9976babc2"
"CAGED/2017/CAGEDEST_092017.7z",21269147,"5401716fc522c10c2fa3d388a5aec0e3"
"CAGED/2017/CAGEDEST_102017.7z",23293850,"4c89e80e0c912686053206b250648c4c"
"CAGED/2017/CAGEDEST_112017.7z",20917215,"d8db9d903975910c466a84d35f224d52"
"CAGED/2017/CAGEDEST_122017.7z",19838273,"aa0ceaff202a75e8a66ef57628f6a298"
"CAGED/2018/CAGEDEST_012018.7z",25246404,"2e27c2d9882408b736e2a63e01898329"
"CAGED/2018/CAGEDEST_022018.7z",23272480,"dddc672dacdf0c539be19bd05dcfb0b6"
"CAGED/2018/CAGEDEST_032018.7z",24600551,"7a4d11b23a55e92624ac9ef697b0570a"
"CAGED/2018/CAGEDEST_042018.7z",23437704,"f589dc273d7d4db0c125334c08f0a3fa"
"CAGED/2018/CAGEDEST_052018.7z",26019762,"fa50760ad9423512bc9a396b9dcb4f53"
"CAGED/2018/CAGEDEST_062018.7z",24245038,"cbafb7fab831dce1f4ff5182d33a0436"
"CAGED/2018/CAGEDEST_072018.7z",24607229,"235d8850ea86d92ac844ca459349a7f5"
"CAGED/2018/CAGEDEST_082018.7z",24517986,"a4b02b528b3d6c13d9ca5b0e629a34ab"
"CAGED/2018/CAGEDEST_092018.7z",21994851,"b5d4dd5653246c4d027cfa84284bd272"
"CAGED/2018/CAGEDEST_102018.7z",23548359,"c2f5fe33f6e703976387c82b6991a8f6"
"CAGED/2018/CAGEDEST_112018.7z",21772924,"0333ca2ff69f791f31da59e8eb05680b"
"CAGED/2018/CAGEDEST_122018.7z",20861969,"578a62f12ee6e6b21639f35704419b4b"
"CAGED/2019/CAGEDEST_012019.7z",24472849,"991f9234618da89becb688be3c788525"
"CAGED/2019/CAGEDEST_022019.7z",25587271,"45b3dbccbdaf017fea90b09fcbbccdc9"
"CAGED/2019/CAGEDEST_032019.7z",24398281,"63958a3523c3d6807e01a2e252088356"
"CAGED/2019/CAGEDEST_042019.7z",24626896,"9b8e042e5640f9f200342e50858a03a4"
"CAGED/2019/CAGEDEST_052019.7z",25107715,"89610a44b932712fe63f3a183e2c4b6f"
"CAGED/2019/CAGEDEST_062019.7z",23196955,"308fd6724cb2146d857d764ccdb23591"
"CAGED/2019/CAGEDEST_072019.7z",24784843,"ec627123f53c55d594b88a5f1cba52c2"
"CAGED/2019/CAGEDEST_082019.7z",25095626,"283ce1f75d63ce129087ead8d29e0a7f"
"CAGED/2019/CAGEDEST_092019.7z",23878873,"ff941500cf1bbb13c1ac5997b3eec9ac"
"CAGED/2019/CAGEDEST_102019.7z",25033364,"034f3294199df822abd288653df4f4d6"
"CAGED/2019/CAGEDEST_112019.7z",21302010,"3786d6837b0d12bf78700e69f2e45e6e"
"CAGED/2019/CAGEDEST_122019.7z",19584290,"6aa6ec83cd867a42a0c7be7774cd56cd"
"NOVO CAGED/2020/202001/CAGEDMOV202001.7z",34261878,"7679428b2d6f8f46e7f2e9ecce0f755d"
"NOVO CAGED/2020/202002/CAGEDMOV202002.7z",35517199,"26e9d38a4fe0158a90b323c1758483b6"
"NOVO CAGED/2020/202003/CAGEDMOV202003.7z",37219967,"bba5106b3f34cd976755eff2b45e2ffa"
"NOVO CAGED/2020/202004/CAGEDMOV202004.7z",26887889,"f9d00a565191a0087f62d013cd10224a"
"NOVO CAGED/2020/202005/CAGEDMOV202005.7z",22429826,"06e67dde426cada6b4160d016858b7fa"
"NOVO CAGED/2020/202006/CAGEDMOV202006.7z",23084159,"ffb0e0b6bb982d49f4175c0cb53fe130"
"NOVO CAGED/2020/202007/CAGEDMOV202007.7z",25363835,"3297b231e73efeaf7c9be4332f0c0bca"
"NOVO CAGED/2020/202008/CAGEDMOV202008.7z",28769169,"c727de37b63c1f06b0bbbb4c7982c3c4"
"NOVO CAGED/2020/202009/CAGEDMOV202009.7z",31561459,"9416064df234d9c3b9573fa3cfdae5e1"
"NOVO CAGED/2020/202010/CAGEDMOV202010.7z",34833979,"5280e9b55eed3ddcfc4c072245f87e41"
"NOVO CAGED/2020/202011/CAGEDMOV202011.7z",33900067,"b6ff78bdaae0afdb39074815ca6705f2"
"NOVO CAGED/2020/202012/CAGEDMOV202012.7z",32633265,"122ac0f863b20f4c2d1c848dfe0eb98c"
"NOVO CAGED/2021/202101/CAGEDMOV202101.7z",36186193,"abda9a3c841048c5e426ce6c805631e4"
"NOVO CAGED/2021/202102/CAGEDMOV202102.7z",38710316,"53d14ecad74794d53947a066301547e4"
"NOVO CAGED/2021/202103/CAGEDMOV202103.7z",39256619,"918765666c8e5165fbf59032020b830f"
"NOVO CAGED/2021/202104/CAGEDMOV202104.7z",34216378,"34c19d6e0bdc04f64aa40c1a155b6e94"
"NOVO CAGED/2021/202105/CAGEDMOV202105.7z",36157691,"17c99fccd70443482a4b3a255fb40a4b"
"NOVO CAGED/2021/202106/CAGEDMOV202106.7z",37140243,"8508245b5373b5fb85f489fe9a0ced8e"
"NOVO CAGED/2021/202107/CAGEDMOV202107.7z",38493488,"9b33afba1b99cd08a80cc7e7c47f709c"
"NOVO CAGED/2021/202108/CAGEDMOV202108.7z",41689836,"a70bb474101cee6855f4b78e4a23cd90"
"NOVO CAGED/2021/202109/CAGEDMOV202109.7z",41632850,"e93120dfda40c715d18c3dd4f0258e14"
"NOVO CAGED/2021/202110/CAGEDMOV202110.7z",41620849,"6000361c02629725d5291ddd9f0e5d6e"
"NOVO CAGED/2021/202111/CAGEDMOV202111.7z",40730397,"38b9b0c4889c65e6fbd66f2b0835e53c"
"NOVO CAGED/2021/202112/CAGEDMOV202112.7z",39725730,"fd05b694aef9796cf32ec21b5882d766"
"NOVO CAGED/2022/202201/CAGEDMOV202201.7z",43217451,"d92b1ffcc3be486ba6706e90dffb1e93"
"NOVO CAGED/2022/202202/CAGEDMOV202202.7z",47209395,"14d7c9530730e8c109f8d053385fc4c3"
"NOVO CAGED/2022/202203/CAGEDMOV202203.7z",48101588,"aa019f9ed7ac5e39de0f79b48f070665"
"NOVO CAGED/2022/202204/CAGEDMOV202204.7z",44867258,"d05834b62cae03743ce95b70a603f5a0"
"NOVO CAGED/2022/202205/CAGEDMOV202205.7z",46524124,"366b4f5ebfe6468cdbfe9ee61d65f255"
"NOVO CAGED/2022/202206/CAGEDMOV202206.7z",44999866,"7b20d497f7bed6a69595a7b2a46ee769"
"NOVO CAGED/2022/202207/CAGEDMOV202207.7z",45429180,"44cab5ca70a2b30a6b1756f950857111"
"NOVO CAGED/2022/202208/CAGEDMOV202208.7z",48975744,"e549c03750417240e93a730a942915c6"
"NOVO CAGED/2022/202209/CAGEDMOV202209.7z",45611759,"50cf47e112bd25a5ff9fce73e12cfd45"
"NOVO CAGED/2022/202210/CAGEDMOV202210.7z",43580858,"560bac50065125425c82dc10cc951d15"
"NOVO CAGED/2022/202211/CAGEDMOV202211.7z",42601431,"8052c6ec2aad782f11238ecbf03154c6"
"NOVO CAGED/2022/202212/CAGEDMOV202212.7z",40425035,"32bbb20c9994b7685f1b42d05ceb35da"
"NOVO CAGED/2023/202301/CAGEDMOV202301.7z",46719858,"3704414f603c1c85e79df2bed9b46179"
"NOVO CAGED/2023/202302/CAGEDMOV202302.7z",46755851,"3381e0c912588d2bc8d28285cdae5618"
"NOVO CAGED/2023/202303/CAGEDMOV202303.7z",52898207,"30f4b82a52a1139a399272e72c525edb"
"NOVO CAGED/2023/202304/CAGEDMOV202304.7z",45282290,"893290ebab59f582b7b99401110f5de9"
"NOVO CAGED/2023/202305/CAGEDMOV202305.7z",49004467,"4229e35ecb338ec640ad54190ac1fb7a"
"NOVO CAGED/2023/202306/CAGEDMOV202306.7z",46886297,"a8d76c589372c75941c692db8e91acd9"
"NOVO CAGED/2023/202307/CAGEDMOV202307.7z",46260497,"3e73bc8440e8d0743ad8f35a5421061c"
"NOVO CAGED/2023/202308/CAGEDMOV202308.7z",50031370,"d6d1f70f19bf9a1869396daf3f925499"
"NOVO CAGED/2023/202309/CAGEDMOV202309.7z",45365331,"cea760f8685e3107da5a0d5f5827554c"
"NOVO CAGED/2023/202310/CAGEDMOV202310.7z",46890697,"23efeb520382c6b67c470f06cb8124a6"
"NOVO CAGED/2023/202311/CAGEDMOV202311.7z",45657398,"4b59be132801a00e674699c9c57db0c7"
"NOVO CAGED/2023/202312/CAGEDMOV202312.7z",43449338,"29c35ff0d1dc101bcb8e8404ffb29aad"
